分组	编号	名称	批准日期	实施日期	官方链接
设计基础	DGJ08-20-2019	住宅设计标准	2022-10-27	2022-12-01	https://zjw.sh.gov.cn/cmsres/0a/0a2db6d53a7f419ead2ad76584ada1fc/3884665e2cbca772db93c30985f3773f.pdf
设计基础	DGJ08-11-2018	地基基础设计标准	2019-01-18	2019-08-01	https://zjw.sh.gov.cn/cmsres/61/61ce445b195840b6aecf936275a1dd4d/725ffd47336d7a09823f78f641ada513.pdf
设计基础	DG/TJ08-9-2023	建筑抗震设计标准	2023-01-12	2023-06-01	https://zjw.sh.gov.cn/cmsres/00/007f14f3eb2341ffb407844dde0ce4b2/bda7bdd4527111d51b62a369226f9ef6.pdf
设计基础	DGJ08-205-2015	居住建筑节能设计标准	2015-12-30	2016-05-01	https://zjw.sh.gov.cn/shsd/userfiles/205居住建筑节能设计标准20160504104950.pdf
设计基础	DGJ08-107-2015	公共建筑节能设计标准	2015-12-30	2016-05-01	https://zjw.sh.gov.cn/shsd/userfiles/107公共建筑节能设计标准20160504104711.pdf
设计基础	DGJ08-2143-2021	公共建筑绿色设计标准	2021-01-28	2021-06-01	https://zjw.sh.gov.cn/cmsres/fd/fd2c40e843e1417f8cad4134754dcd7e/e5abd7ff3043946324c0ce84654a6dc1.pdf
设计基础	DGJ08-2139-2021	住宅建筑绿色设计标准	2021-01-28	2021-06-01	https://zjw.sh.gov.cn/cmsres/f3/f393b7748b084324aa98ec37a68c423d/12894cd15fc07589507a6b6450115fb8.pdf
设计基础	DG/TJ08-7-2021	建筑工程交通设计及停车库（场）设置标准	2021-08-25	2022-01-01	https://zjw.sh.gov.cn/cmsres/07/079dc87c4eaa4571b5dd3f71aa729d75/e13124893c83a8b098989d0602b7ec42.pdf
设计基础	DG/TJ08-88-2021	建筑防排烟系统设计标准	2021-04-09	2021-09-01	https://zjw.sh.gov.cn/cmsres/c5/c560c9556c8f4fa499b5e4d3a60fafbc/011ab52ef7c9d5a9c63fc8eb6a160954.pdf
设计基础	DG/TJ08-56-2019	建筑幕墙工程技术标准	2019-12-05	2020-04-01	https://zjw.sh.gov.cn/cmsres/b3/b3d6916257f842788fa66c58051ac236/4b19832227aeacf7362e0df617db3429.pdf
设计基础	DG/TJ08-2242-2017	民用建筑外窗应用技术规程	2017-07-26	2017-12-01	https://zjw.sh.gov.cn/cmsres/6d/6d198277bb364e98957a475220a6a503/adc14207c18fc2f09e9e4e9d035fc6db.pdf
设计基础	DG/TJ08-2328-2020	建筑风环境气象参数标准	2020-08-13	2021-01-01	https://zjw.sh.gov.cn/cmsres/e9/e9e4ff8001aa472488d5e686a15f666d/e175a4e064dd34daa97f7de67ef2081e.pdf
设计基础	DG/TJ08-2314-2020	建筑同层排水系统应用技术标准	2020-03-30	2020-09-01	https://zjw.sh.gov.cn/cmsres/e7/e757656ee0764aeab2403dbb9e190ac4/8af604bfc3af1bd19f92f56452022fef.pdf
设计基础	DG/TJ08-2201-2016	建筑信息模型应用标准	2016-04-26	2016-09-01	https://zjw.sh.gov.cn/shsd/userfiles/2201建筑信息模型应用标准 (1)20161114141911.pdf
住宅与住区	DG/TJ08-2291-2019	保障性住房设计标准	2022-10-27	2022-12-01	https://zjw.sh.gov.cn/cmsres/a1/a111fc7db226432ab42b496e9c1d4cca/3ef876c06ca695b7a4e389de3b5dc37d.pdf
住宅与住区	DG/TJ08-2291B-2022	保障性住房设计标准（保障性租赁住房新建分册）	2022-09-06	2022-12-01	https://zjw.sh.gov.cn/cmsres/66/6607c6540a4341c8abac739c61614d45/5fdbcdcfad61d017184148ec4788f83d.pdf
住宅与住区	DG/TJ08-2291C-2022	保障性住房设计标准（保障性租赁住房改建分册）	2022-09-06	2022-12-01	https://zjw.sh.gov.cn/cmsres/ed/edc21b3ab20445b3b90cb1920f6e8e02/f92a6c8516ba3cf5ac4bb499b00fe3e1.pdf
住宅与住区	DG/TJ08-2178-2021	全装修住宅室内装修设计标准	2021-04-09	2021-09-01	https://zjw.sh.gov.cn/cmsres/dc/dcc9ba7ed16b4982837fb054b4e1c731/554b47c0aad67ad1687d9fdd9bab7114.pdf
住宅与住区	DG/TJ08-2381-2021	既有多层住宅加装电梯技术标准	2021-06-21	2021-11-01	https://zjw.sh.gov.cn/cmsres/dc/dce996d5e6a34c80b7a6cf8794e32c59/823588f97918eb943e5e7bd4006e25ef.pdf
住宅与住区	DG/TJ08-2374-2022	既有住宅小区宜居改造技术标准	2022-08-03	2022-12-01	https://zjw.sh.gov.cn/cmsres/1e/1e0e8af6338a480c9ee6c2d2a47a6fb9/739b080dab1795ee362482b3744655e5.pdf
住宅与住区	DG/TJ08-2029-2021	多高层钢结构住宅技术标准	2021-05-31	2021-11-01	https://zjw.sh.gov.cn/cmsres/f6/f640dd264cae40b3a0ef2dcf0b09d2da/aef768257b850cd075073ca76fa53729.pdf
住宅与住区	DG/TJ08-82-2020	养老设施建筑设计标准	2020-03-30	2020-09-01	https://zjw.sh.gov.cn/cmsres/2d/2df36620720842649f6fc2ea6c8363a4/a3426086ca29845f2aec787038ddbf7c.pdf
住宅与住区	DG/TJ08-2247-2017	绿色养老建筑评价标准	2017-10-23	2018-04-01	https://zjw.sh.gov.cn/cmsres/46/46d23c2ec812473ba9bcaa9b5083adc6/99c0f3ab316e17a1e0eea39cf76741cb.pdf
住宅与住区	DG/TJ08-2243-2017	市属高校建筑规划面积标准	2017-08-18	2017-12-01	https://zjw.sh.gov.cn/cmsres/9d/9d9ff1add895470aaa35cb32e6572544/905b9ecf0d7f31426dedc87d3908a19d.pdf
住宅与住区	DG/TJ08-12-2004	普通中小学校建设标准	2004-05-10	2004-08-01	https://zjw.sh.gov.cn/shsd/userfiles/90普通中小学校建设标准.pdf
住宅与住区	DG/TJ08-45-2005	普通幼儿园建设标准	2005-05-20	2005-08-01	https://zjw.sh.gov.cn/shsd/userfiles/112普通幼儿园建设标准.pdf
消防与安全	DG/TJ08-2408-2022	城市综合体消防技术标准	2022-09-09	2023-02-01	https://zjw.sh.gov.cn/cmsres/a5/a5875f7a69e04e81b67105359f7326e6/23cbc0d0ccef9c194b4ecbe219f94b98.pdf
消防与安全	DG/TJ08-2343-2020	大型物流建筑消防设计标准	2021-01-28	2021-07-01	https://zjw.sh.gov.cn/cmsres/c0/c027665a23a24cf3a2ca4700b97c4062/95a6e6af71d970d4a218d96e2cb0771b.pdf
消防与安全	DG/TJ08-2410-2022	文物和优秀历史建筑消防技术标准	2022-09-09	2023-02-01	https://zjw.sh.gov.cn/cmsres/77/7793080f3bbd4857ac900944a7089a25/62a7bbdff0dbff79e1215a742768782c.pdf
消防与安全	DG/TJ08-2409-2022	老旧住宅小区消防改造技术标准	2022-08-22	2023-01-01	https://zjw.sh.gov.cn/cmsres/a3/a33d0fd6ca9f48ea836ba10acd2f36f0/44a5c7afbe6fda4be3f3485d6d07e62d.pdf
消防与安全	DGJ08-2173-2016	展览建筑及布展设计防火规程	2016-01-08	2016-06-01	https://zjw.sh.gov.cn/shsd/userfiles/2173展览建筑及布展设计防火规程20160620144800.pdf
消防与安全	DGJ08-2048-2016	民用建筑电气防火设计规程	2016-10-18	2017-05-01	https://zjw.sh.gov.cn/cmsres/91/91f35df45e584410bff66e7bffae4126/ddafbe17da733aa3257436101c3a895d.pdf
消防与安全	DGJ08-94-2007	民用建筑水灭火系统设计规程	2007-11-21	2008-03-01	https://zjw.sh.gov.cn/shsd/userfiles/185民用建筑水灭火系统设计规程.pdf
消防与安全	DGJ08-2164-2015	民用建筑外保温材料防火技术规程	2015-08-31	2015-10-01	https://zjw.sh.gov.cn/shsd/userfiles/15民用建筑外外保温材料防火技术规程20151028141231.pdf
消防与安全	DG/TJ08-2177-2015	建筑工程消防施工质量验收规范	2015-07-29	2015-12-01	https://zjw.sh.gov.cn/cmsres/d8/d885dcb869ac44a096e5949560837bf8/cfe684998aa924467eb4a38ebef934f9.pdf
消防与安全	DG/TJ08-2188-2015	应急避难场所设计规范	2015-11-23	2016-05-01	https://zjw.sh.gov.cn/shsd/userfiles/2188应急避难场所设计规范20160620145016.pdf
改造与历史建筑	DG/TJ08-108-2014	优秀历史建筑保护修缮技术规程	2014-09-11	2015-01-01	https://zjw.sh.gov.cn/shsd/userfiles/369优秀历史建筑保护修缮技术规程.pdf
改造与历史建筑	DG/TJ08-2403-2022	优秀历史建筑抗震鉴定与加固标准	2022-10-25	2023-03-01	https://zjw.sh.gov.cn/cmsres/4f/4fb3ec5fc9024f47ae041e43f3fad1a8/238bd5734252270c052189327c18ec71.pdf
改造与历史建筑	DG/TJ08-2338-2020	既有建筑绿色改造技术标准	2020-11-04	2021-04-01	https://zjw.sh.gov.cn/cmsres/a9/a946d2b3a85d48e5a2d17bd7b2234a02/70ccda2ba34ccf56c7d32a5af0b9496f.pdf
改造与历史建筑	DG/TJ08-2235-2017	既有地下建筑改扩建技术规范	2017-05-05	2017-10-01	https://zjw.sh.gov.cn/cmsres/33/33839bbdabcd464c98214ce74f93ec09/2881aa35f892192e2851967ba9bb25b9.pdf
改造与历史建筑	DG/TJ08-2136-2022	既有居住建筑节能改造技术标准	2022-08-08	2022-12-01	https://zjw.sh.gov.cn/cmsres/9d/9d0121dd2c8f49c185007841cf728028/5c9c7bbb38857eca1825aefc3fc2d6ed.pdf
改造与历史建筑	DG/TJ08-2137-2022	既有公共建筑节能改造技术标准	2022-08-08	2022-12-01	https://zjw.sh.gov.cn/cmsres/f9/f91e64892592436fa6967bf71697596a/f7d3dd2cc6748416e26f3db295774d13.pdf
装配式与外围护	DG/TJ08-2198-2019	装配式建筑评价标准	2019-11-22	2020-04-01	https://zjw.sh.gov.cn/cmsres/0c/0c9a1892e8574f2ab134289b77a97b74/9bea1200559d4a1084a892d5de134576.pdf
装配式与外围护	DG/TJ08-2071-2016	装配整体式混凝土居住建筑设计规程	2016-08-02	2016-12-01	https://zjw.sh.gov.cn/cmsres/c7/c748dde00f604e60b924e9ca1015f1cc/8d59ee1f07557bfd53653a9d57b32fca.pdf
装配式与外围护	DG/TJ08-2154-2014	装配整体式混凝土公共建筑设计规程	2014-12-24	2015-03-01	https://zjw.sh.gov.cn/shsd/userfiles/375装配整体式混凝土公共建筑设计规程.pdf
装配式与外围护	DG/TJ08-2158-2023	预制混凝土夹心保温外墙应用技术标准	2023-01-12	2023-06-01	https://zjw.sh.gov.cn/cmsres/29/29e38d3f7bbf446e88d5275c8f2141da/289ddd9349c90bf3bfc07807fef1a96b.pdf
装配式与外围护	DG/TJ08-2433A-2023	外墙保温一体化系统应用技术标准（预制混凝土反打保温外墙）	2023-07-11	2023-10-01	https://zjw.sh.gov.cn/cmsres/3f/3f4174510125472b80b2b9a38d78c7dc/14d171af33d6c13792e1931753d2f180.pdf
装配式与外围护	DG/TJ08-2433B-2023	外墙保温一体化系统应用技术标准（现浇混凝土反打保温外墙）	2023-07-11	2023-10-01	https://zjw.sh.gov.cn/cmsres/29/2979c3dd6dea4e518260f7208af7782c/253268745570edcb956be53d40e71d7b.pdf
装配式与外围护	DG/TJ08-2365-2021	建筑浮筑楼板保温隔声系统应用技术标准	2021-05-31	2021-11-01	https://zjw.sh.gov.cn/cmsres/0c/0cb1488e48df44d382e7788141c428a8/5e8c8e12f84c3f1ec354d02273ffac77.pdf
结构与抗震	DGJ08-81-2021	现有建筑抗震鉴定与加固标准	2021-02-10	2021-08-01	https://zjw.sh.gov.cn/cmsres/70/70c1a5c3608141f7b12e22dda36f702a/0eb4335ec853a054ba763ada4704072e.pdf
结构与抗震	DG/TJ08-2326-2020	建筑消能减震及隔震技术标准	2020-08-23	2021-01-01	https://zjw.sh.gov.cn/cmsres/a5/a5fbac6a6968459c999bb10a0c41ec8c/72879c07b5b1f3b4a423ff2d04dc65fd.pdf
结构与抗震	DGJ08-69-2015	预应力混凝土结构设计规程	2016-01-08	2016-06-01	https://zjw.sh.gov.cn/cmsres/89/8925525b534e4e63a43c9ab106d0ad8b/b4ae1e5348525166d0d3bf33e4c61d4b.pdf
结构与抗震	DG/TJ08-19-2018	建筑索结构技术标准	2018-12-17	2019-5-1	https://zjw.sh.gov.cn/cmsres/ca/ca2703fe7c1841f1913a1860b8fd9106/c0e3c4c0a1e862ca46a1aac1c6d78214.pdf
结构与抗震	DG/TJ08-52-2020	空间格构结构技术标准	2020-09-30	2021-03-01	https://zjw.sh.gov.cn/cmsres/f0/f0ec9042c30e49ffbb7960f9b9390434/ad6c8918c81aad0f59bafb90f5e526bd.pdf
结构与抗震	DG/TJ08-2192-2016	工程木结构设计规范	2016-01-21	2016-05-01	https://zjw.sh.gov.cn/cmsres/fd/fd3d5b5394eb4c53b981f8b14efb69bd/d0f15238da028a5edbfdd78099c30a11.pdf
结构与抗震	DG/TJ08-2350-2021	大跨度建筑空间结构抗连续倒塌设计标准	2021-01-07	2021-07-01	https://zjw.sh.gov.cn/cmsres/37/37ae0e21afef46b68a1ea1212a93f5e2/24d3a2a3507a7e499531e79cfab7b0c6.pdf
绿色建筑与专项	DG/TJ08-2090-2020	绿色建筑评价标准	2020-03-30	2020-07-01	https://zjw.sh.gov.cn/cmsres/9c/9c07f1b2aedd46d9a2b865cfe33c265d/8d7281ca46c8641107273e40fd4f2d1b.pdf
绿色建筑与专项	DG/TJ08-2040-2021	公共建筑绿色及节能工程智能化技术标准	2021-02-10	2021-08-01	https://zjw.sh.gov.cn/cmsres/70/70ca03ac464c4de3bb12d5f4c1dddfac/5e3c2f581dbf5fd21c1461aa3ed87945.pdf
绿色建筑与专项	DG/TJ08-2263-2018	城市轨道交通上盖建筑设计标准	2018-03-30	2018-09-01	https://zjw.sh.gov.cn/cmsres/42/42232d71f65f4811adbea918cfcbffca/b2dfc8e9e9a21ec3bc13814b894a044e.pdf
绿色建筑与专项	DG/TJ08-60-2017	机械式停车库（场）设计规程	2017-02-22	2017-06-01	https://zjw.sh.gov.cn/cmsres/06/064a780a63994502902246e26b503c3d/8f0e7bbe4deec86f4be2170c443a8c68.pdf
