编号,名称,分类,属性,实施日期,状态,官方链接,版权分层,备注
GB 55001-2021,工程结构通用规范,结构,强制性,2022-01-01,现行,https://www.mohurd.gov.cn/gongkai/zhengce/zhengcefilelib/202107/20210715_761192.html,A-不受著作权保护,废止 GB 50153-2008 等 8 项标准相关强条
GB 55002-2021,建筑与市政工程抗震通用规范,结构,强制性,2022-01-01,现行,https://www.mohurd.gov.cn/gongkai/zhengce/zhengcefilelib/202107/20210715_761174.html,A-不受著作权保护,
GB 55003-2021,建筑与市政地基基础通用规范,结构,强制性,2022-01-01,现行,https://www.mohurd.gov.cn/gongkai/zhengce/zhengcefilelib/202107/20210715_761185.html,A-不受著作权保护,
GB 55004-2021,组合结构通用规范,结构,强制性,2022-01-01,现行,https://www.mohurd.gov.cn/gongkai/zhengce/zhengcefilelib/202107/20210715_761186.html,A-不受著作权保护,
GB 55005-2021,木结构通用规范,结构,强制性,2022-01-01,现行,https://www.mohurd.gov.cn/gongkai/zhengce/zhengcefilelib/202107/20210715_761187.html,A-不受著作权保护,
GB 55006-2021,钢结构通用规范,结构,强制性,2022-01-01,现行,https://www.mohurd.gov.cn/gongkai/zhengce/zhengcefilelib/202107/20210715_761191.html,A-不受著作权保护,
GB 55007-2021,砌体结构通用规范,结构,强制性,2022-01-01,现行,https://www.mohurd.gov.cn/gongkai/zhengce/zhengcefilelib/202107/20210715_761188.html,A-不受著作权保护,
GB 55008-2021,混凝土结构通用规范,结构,强制性,2022-01-01,现行,https://www.mohurd.gov.cn/gongkai/zhengce/zhengcefilelib/202110/20211013_762454.html,A-不受著作权保护,废止 GB 50010-2010 等 36 项标准相关强条
GB 55009-2021,燃气工程项目规范,设备与市政,强制性,2022-01-01,现行,https://www.mohurd.gov.cn/gongkai/zhengce/zhengcefilelib/202107/20210715_761173.html,A-不受著作权保护,
GB 55010-2021,供热工程项目规范,设备与市政,强制性,2022-01-01,现行,https://www.mohurd.gov.cn/gongkai/zhengce/zhengcefilelib/202107/20210715_761189.html,A-不受著作权保护,
GB 55011-2021,城市道路交通工程项目规范,设备与市政,强制性,2022-01-01,现行,https://www.mohurd.gov.cn/gongkai/zhengce/zhengcefilelib/202107/20210715_761190.html,A-不受著作权保护,
GB 55012-2021,生活垃圾处理处置工程项目规范,设备与市政,强制性,2022-01-01,现行,https://www.mohurd.gov.cn/gongkai/zhengce/zhengcefilelib/202107/20210715_761194.html,A-不受著作权保护,
GB 55013-2021,市容环卫工程项目规范,设备与市政,强制性,2022-01-01,现行,https://www.mohurd.gov.cn/gongkai/zhengce/zhengcefilelib/202107/20210715_761195.html,A-不受著作权保护,
GB 55014-2021,园林绿化工程项目规范,设备与市政,强制性,2022-01-01,现行,https://www.mohurd.gov.cn/gongkai/zhengce/zhengcefilelib/202107/20210715_761193.html,A-不受著作权保护,
GB 55015-2021,建筑节能与可再生能源利用通用规范,建筑,强制性,2022-04-01,现行,https://www.mohurd.gov.cn/gongkai/zhengce/zhengcefilelib/202110/20211013_762460.html,A-不受著作权保护,设计说明中最常引用的节能强规
GB 55016-2021,建筑环境通用规范,建筑,强制性,2022-04-01,现行,https://www.mohurd.gov.cn/gongkai/zhengce/zhengcefilelib/202110/20211013_762459.html,A-不受著作权保护,
GB 55017-2021,工程勘察通用规范,结构,强制性,2022-04-01,现行,https://www.mohurd.gov.cn/gongkai/zhengce/zhengcefilelib/202110/20211013_762455.html,A-不受著作权保护,
GB 55018-2021,工程测量通用规范,结构,强制性,2022-04-01,现行,https://www.mohurd.gov.cn/gongkai/zhengce/zhengcefilelib/202110/20211013_762456.html,A-不受著作权保护,
GB 55019-2021,建筑与市政工程无障碍通用规范,建筑,强制性,2022-04-01,现行,https://www.mohurd.gov.cn/gongkai/zhengce/zhengcefilelib/202110/20211013_762461.html,A-不受著作权保护,与 GB 50763-2012 并行使用
GB 55020-2021,建筑给水排水与节水通用规范,设备与市政,强制性,2022-04-01,现行,https://www.mohurd.gov.cn/gongkai/zhengce/zhengcefilelib/202110/20211013_762458.html,A-不受著作权保护,
GB 55021-2021,既有建筑鉴定与加固通用规范,既有建筑,强制性,2022-04-01,现行,https://www.mohurd.gov.cn/gongkai/zhengce/zhengcefilelib/202110/20211013_762453.html,A-不受著作权保护,
GB 55022-2021,既有建筑维护与改造通用规范,既有建筑,强制性,2022-04-01,现行,https://www.mohurd.gov.cn/gongkai/zhengce/zhengcefilelib/202110/20211013_762457.html,A-不受著作权保护,
GB 55023-2022,施工脚手架通用规范,施工与安全,强制性,2022-10-01,现行,https://www.mohurd.gov.cn/gongkai/zhengce/zhengcefilelib/202204/20220412_765631.html,A-不受著作权保护,
GB 55024-2022,建筑电气与智能化通用规范,设备与市政,强制性,2022-10-01,现行,https://www.mohurd.gov.cn/gongkai/zhengce/zhengcefilelib/202204/20220412_765632.html,A-不受著作权保护,
GB 55025-2022,宿舍、旅馆建筑项目规范,建筑,强制性,2022-10-01,现行,https://www.mohurd.gov.cn/gongkai/zhengce/zhengcefilelib/202204/20220412_765629.html,A-不受著作权保护,
GB 55026-2022,城市给水工程项目规范,设备与市政,强制性,2022-10-01,现行,https://www.mohurd.gov.cn/gongkai/zhengce/zhengcefilelib/202204/20220412_765626.html,A-不受著作权保护,
GB 55027-2022,城乡排水工程项目规范,设备与市政,强制性,2022-10-01,现行,https://www.mohurd.gov.cn/gongkai/zhengce/zhengcefilelib/202204/20220412_765619.html,A-不受著作权保护,
GB 55028-2022,特殊设施工程项目规范,专项工程,强制性,2022-10-01,现行,https://www.mohurd.gov.cn/gongkai/zhengce/zhengcefilelib/202204/20220412_765617.html,A-不受著作权保护,
GB 55029-2022,安全防范工程通用规范,设备与市政,强制性,2022-10-01,现行,https://www.mohurd.gov.cn/gongkai/zhengce/zhengcefilelib/202204/20220412_765630.html,A-不受著作权保护,
GB 55030-2022,建筑与市政工程防水通用规范,建筑,强制性,2023-04-01,现行,https://www.mohurd.gov.cn/gongkai/zhengce/zhengcefilelib/202210/20221021_768499.html,A-不受著作权保护,
GB 55031-2022,民用建筑通用规范,建筑,强制性,2023-03-01,现行,https://www.mohurd.gov.cn/gongkai/zhengce/zhengcefilelib/202208/20220824_767703.html,A-不受著作权保护,建筑专业最核心的强规
GB 55032-2022,建筑与市政工程施工质量控制通用规范,施工与安全,强制性,2023-03-01,现行,https://www.mohurd.gov.cn/gongkai/zhengce/zhengcefilelib/202208/20220825_767714.html,A-不受著作权保护,
GB 55033-2022,城市轨道交通工程项目规范,专项工程,强制性,,现行,https://www.mohurd.gov.cn/gongkai/zhengce/zhengcefilelib/202208/20220825_767715.html,A-不受著作权保护,实施日期待核实
GB 55034-2022,建筑与市政施工现场安全卫生与职业健康通用规范,施工与安全,强制性,2023-06-01,现行,https://www.mohurd.gov.cn/gongkai/zhengce/zhengcefilelib/202211/20221117_768953.html,A-不受著作权保护,
GB 55035-2023,城乡历史文化保护利用项目规范,专项工程,强制性,2023-12-01,现行,https://www.mohurd.gov.cn/gongkai/zhengce/zhengcefilelib/202306/20230605_772515.html,A-不受著作权保护,
GB 55036-2022,消防设施通用规范,设备与市政,强制性,2023-03-01,现行,https://www.mohurd.gov.cn/gongkai/zhengce/zhengcefilelib/202208/20220824_767704.html,A-不受著作权保护,
GB 55037-2022,建筑防火通用规范,建筑,强制性,2023-06-01,现行,https://www.mohurd.gov.cn/gongkai/zhengce/zhengcefilelib/202301/20230118_770016.html,A-不受著作权保护,与 GB 50016-2014(2018年版) 并行
GB 55038-2025,住宅项目规范,建筑,强制性,2025-05-01,现行,https://www.gov.cn/zhengce/zhengceku/202504/content_7016620.htm,A-不受著作权保护,住建部公告2025年第39号；废止 GB 50368-2005 及 8 项标准 55 条强条
GB 50352-2019,民用建筑设计统一标准,建筑,推荐性,2019-10-01,现行,https://openstd.samr.gov.cn/bzgk/gb/,B-受著作权保护,
GB 50016-2014(2018年版),建筑设计防火规范,建筑,推荐性,2015-05-01,现行,https://openstd.samr.gov.cn/bzgk/gb/,B-受著作权保护,部分条文因 GB 55037-2022 废止
GB 50222-2017,建筑内部装修设计防火规范,建筑,推荐性,2018-04-01,现行,https://openstd.samr.gov.cn/bzgk/gb/,B-受著作权保护,
GB 50763-2012,无障碍设计规范,建筑,推荐性,2012-09-01,现行,https://openstd.samr.gov.cn/bzgk/gb/,B-受著作权保护,与 GB 55019-2021 并行
GB 50096-2011,住宅设计规范,建筑,推荐性,2012-08-01,现行,https://openstd.samr.gov.cn/bzgk/gb/,B-受著作权保护,55 条强条已被 GB 55038-2025 废止
GB 50118-2010,民用建筑隔声设计规范,建筑,推荐性,2011-06-01,现行,https://openstd.samr.gov.cn/bzgk/gb/,B-受著作权保护,4.2.1/4.2.2/4.2.5 已被 GB 55038-2025 废止
GB 50033-2013,建筑采光设计标准,建筑,推荐性,2013-05-01,现行,https://openstd.samr.gov.cn/bzgk/gb/,B-受著作权保护,4.0.1 已被 GB 55038-2025 废止
GB 50037-2013,建筑地面设计规范,建筑,推荐性,2014-05-01,现行,https://openstd.samr.gov.cn/bzgk/gb/,B-受著作权保护,
GB 50176-2016,民用建筑热工设计规范,建筑,推荐性,2017-04-01,现行,https://openstd.samr.gov.cn/bzgk/gb/,B-受著作权保护,
GB 50325-2020,民用建筑工程室内环境污染控制标准,建筑,推荐性,2020-08-01,现行,https://openstd.samr.gov.cn/bzgk/gb/,B-受著作权保护,
GB/T 50353-2013,建筑工程建筑面积计算规范,建筑,推荐性,2014-07-01,现行,https://openstd.samr.gov.cn/bzgk/gb/,B-受著作权保护,报建面积计算依据
GB/T 50001-2017,房屋建筑制图统一标准,制图,推荐性,2018-05-01,现行,https://openstd.samr.gov.cn/bzgk/gb/,B-受著作权保护,
GB/T 50104-2010,建筑制图标准,制图,推荐性,2011-03-01,现行,https://openstd.samr.gov.cn/bzgk/gb/,B-受著作权保护,
GB/T 50103-2010,总图制图标准,制图,推荐性,2011-03-01,现行,https://openstd.samr.gov.cn/bzgk/gb/,B-受著作权保护,
GB 50067-2014,汽车库、修车库、停车场设计防火规范,建筑,推荐性,2015-08-01,现行,https://openstd.samr.gov.cn/bzgk/gb/,B-受著作权保护,
GB 50038-2005,人民防空地下室设计规范,专项工程,推荐性,2006-03-01,现行,https://openstd.samr.gov.cn/bzgk/gb/,B-受著作权保护,
GB 50098-2009,人民防空工程设计防火规范,专项工程,推荐性,2010-07-01,现行,https://openstd.samr.gov.cn/bzgk/gb/,B-受著作权保护,
GB 50189-2015,公共建筑节能设计标准,建筑,推荐性,2015-10-01,现行,https://openstd.samr.gov.cn/bzgk/gb/,B-受著作权保护,
GB/T 50378-2019,绿色建筑评价标准,建筑,推荐性,2019-08-01,现行,https://openstd.samr.gov.cn/bzgk/gb/,B-受著作权保护,
GB 50345-2012,屋面工程技术规范,建筑,推荐性,2012-10-01,现行,https://openstd.samr.gov.cn/bzgk/gb/,B-受著作权保护,
GB 50693-2011,坡屋面工程技术规范,建筑,推荐性,2012-05-01,现行,https://openstd.samr.gov.cn/bzgk/gb/,B-受著作权保护,
GB 50015-2019,建筑给水排水设计标准,设备与市政,推荐性,2020-03-01,现行,https://openstd.samr.gov.cn/bzgk/gb/,B-受著作权保护,
GB 51348-2019,民用建筑电气设计标准,设备与市政,推荐性,2020-08-01,现行,https://openstd.samr.gov.cn/bzgk/gb/,B-受著作权保护,
GB 50034-2024,建筑照明设计标准,设备与市政,推荐性,2024-11-01,现行,https://openstd.samr.gov.cn/bzgk/gb/,B-受著作权保护,
GB 50057-2010,建筑物防雷设计规范,设备与市政,推荐性,2011-10-01,现行,https://openstd.samr.gov.cn/bzgk/gb/,B-受著作权保护,
GB 50116-2013,火灾自动报警系统设计规范,设备与市政,推荐性,2014-05-01,现行,https://openstd.samr.gov.cn/bzgk/gb/,B-受著作权保护,
GB 50974-2014,消防给水及消火栓系统技术规范,设备与市政,推荐性,2014-10-01,现行,https://openstd.samr.gov.cn/bzgk/gb/,B-受著作权保护,
GB 50084-2017,自动喷水灭火系统设计规范,设备与市政,推荐性,2018-01-01,现行,https://openstd.samr.gov.cn/bzgk/gb/,B-受著作权保护,
GB 51251-2017,建筑防烟排烟系统技术标准,设备与市政,推荐性,2018-08-01,现行,https://openstd.samr.gov.cn/bzgk/gb/,B-受著作权保护,
GB 50736-2012,民用建筑供暖通风与空气调节设计规范,设备与市政,推荐性,2012-10-01,现行,https://openstd.samr.gov.cn/bzgk/gb/,B-受著作权保护,
GB 51309-2018,消防应急照明和疏散指示系统技术标准,设备与市政,推荐性,2019-03-01,现行,https://openstd.samr.gov.cn/bzgk/gb/,B-受著作权保护,
GB 50011-2010(2016年版),建筑抗震设计规范,结构,推荐性,2010-12-01,现行,https://openstd.samr.gov.cn/bzgk/gb/,B-受著作权保护,相关强条已由 GB 55002-2021 废止
GB 50010-2010(2015年版),混凝土结构设计规范,结构,推荐性,2011-07-01,现行,https://openstd.samr.gov.cn/bzgk/gb/,B-受著作权保护,相关强条已由 GB 55008-2021 废止
GB 50009-2012,建筑结构荷载规范,结构,推荐性,2012-10-01,现行,https://openstd.samr.gov.cn/bzgk/gb/,B-受著作权保护,相关强条已由 GB 55001-2021 废止
JGJ 100-2015,车库建筑设计规范,建筑,推荐性,2015-12-01,现行,https://www.ccsn.org.cn/,C-受著作权保护,
JGJ 36-2016,宿舍建筑设计规范,建筑,推荐性,2017-06-01,现行,https://www.ccsn.org.cn/,C-受著作权保护,
JGJ 48-2014,商店建筑设计规范,建筑,推荐性,2015-03-01,现行,https://www.ccsn.org.cn/,C-受著作权保护,
JGJ/T 67-2019,办公建筑设计标准,建筑,推荐性,2020-06-01,现行,https://www.ccsn.org.cn/,C-受著作权保护,
JGJ 39-2016(2019年版),托儿所、幼儿园建筑设计规范,建筑,推荐性,2016-11-01,现行,https://www.ccsn.org.cn/,C-受著作权保护,
JGJ 113-2015,建筑玻璃应用技术规程,建筑,推荐性,2016-04-01,现行,https://www.ccsn.org.cn/,C-受著作权保护,
JGJ 102-2003,玻璃幕墙工程技术规范,建筑,推荐性,2004-01-01,现行,https://www.ccsn.org.cn/,C-受著作权保护,
JGJ 214-2010,铝合金门窗工程技术规范,建筑,推荐性,2011-03-01,现行,https://www.ccsn.org.cn/,C-受著作权保护,
JGJ 230-2010,倒置式屋面工程技术规程,建筑,推荐性,2011-10-01,现行,https://www.ccsn.org.cn/,C-受著作权保护,
JGJ 3-2010,高层建筑混凝土结构技术规程,结构,推荐性,2011-10-01,现行,https://www.ccsn.org.cn/,C-受著作权保护,
JGJ 1-2014,装配式混凝土结构技术规程,结构,推荐性,2014-10-01,现行,https://www.ccsn.org.cn/,C-受著作权保护,
